{
  "project_info": {
    "project_number": "273897642526",
    "project_id": "location-finder-ba26b",
    "storage_bucket": "location-finder-ba26b.appspot.com"
  },
  "client": [
    {
      "client_info": {
        "mobilesdk_app_id": "1:273897642526:android:7cd6650c0d8b66eb246c0f",
        "android_client_info": {
          "package_name": "com.udacity.project4"
        }
      },
      "oauth_client": [
        {
          "client_id": "273897642526-uh1tj5jei4qqfl0ncrlk0r4ucjv81ba1.apps.googleusercontent.com",
          "client_type": 1,
          "android_info": {
            "package_name": "com.udacity.project4",
            "certificate_hash": "7837a5aed3492c82926d99ffa4af98d9f31063b6"
          }
        },
        {
          "client_id": "273897642526-agihddqk31n1um24vu9sq9qh727nfssd.apps.googleusercontent.com",
          "client_type": 3
        }
      ],
      "api_key": [
        {
          "current_key": "AIzaSyBn3nToUZdY6Vky07pGVcefdsItGfPllBU"
        }
      ],
      "services": {
        "appinvite_service": {
          "other_platform_oauth_client": [
            {
              "client_id": "273897642526-agihddqk31n1um24vu9sq9qh727nfssd.apps.googleusercontent.com",
              "client_type": 3
            }
          ]
        }
      }
    }
  ],
  "configuration_version": "1"
}